query,answer
광화문에서 강남역 가는법,"광화문에서 강남역으로 가는 방법은 다양합니다. 지하철을 이용하는 것이 가장 편리합니다. 광화문역(1호선)에서 탑승한 후, 종각역에서 3호선으로 환승하여 강남역까지 이동하면 됩니다. 소요시간은 약 30분 정도입니다. 버스를 원하신다면, 광화문에서 강남행 버스를 타는 방법도 있습니다. 차량 이용 시, 경부고속도로를 통해 약 30분에서 1시간 정도 소요됩니다. 교통 상황에 따라 시간이 달라질 수 있으니, 출발 전 확인하시길 권장합니다."
현재 시각,"현재 시각은 2024년 9월 4일 수요일 19:13:07입니다. 이 시간은 서울과 도쿄에서 동일하게 표시되며, 전 세계 다른 도시들에서는 각각 다른 시간이 나타납니다. 예를 들어, 베이징은 18:13:06, 뉴욕은 06:13:06입니다. 이 시계는 NTP 서버와 동기화되어 정확도를 유지하며, 자동으로 12시간 또는 24시간 형식으로 표시됩니다."
서울 현재 시각,"서울의 현재 시각은 19:13:12입니다. 서울은 UTC/GMT +09:00 시간대를 사용하고 있으며, 이를 통해 다른 도시와의 시간 차이도 확인할 수 있습니다. 정확한 시간을 확인하고 싶다면 관련 웹사이트를 방문해 보세요."
동묘는 어떤 신당이야?,"동묘는 서울 종로구에 위치한 동묘신사로, 조선시대의 신사 중 하나입니다. 이 신사는 주로 동쪽의 신을 모시는 곳으로, 지역 주민들과 상인들의 보호를 기원하는 역할을 해왔습니다. 동묘는 특히 매년 정월 대보름에 열리는 '동묘제'로 유명하며, 이 기간 동안 다양한 전통 행사와 제사가 진행됩니다. 신사 내부에는 여러 신목이 있으며, 신사 주변은 역사적인 의미와 함께 문화재로도 가치가 높습니다. 동묘는 한국의 전통 신앙과 문화를 체험할 수 있는 중요한 장소입니다."
이순신 장군,"이순신 장군은 조선시대의 군인으로, 임진왜란(1592-1598) 동안 일본과의 전투에서 중요한 역할을 했습니다. 그의 가장 유명한 전투는 한산도 대첩과 명량해전으로, 이 두 전투에서의 승리는 조선의 해군력을 크게 강화했습니다. 이순신은 혁신적인 전술과 철저한 준비로 유명하며, '거북선'이라는 철갑선을 이용해 일본 함대를 크게 무찌른 것으로 잘 알려져 있습니다. 그는 또한 충성과 용기의 상징으로, 오늘날에도 많은 한국인들에게 존경받고 있으며, 그의 일대기는 여러 문학작품과 영화로도 다뤄지고 있습니다."
프렌치 토스트,"프렌치 토스트는 빵을 계란과 우유 혼합물에 담가 구운 후, 설탕, 시나몬, 또는 바닐라로 맛을 낸 인기 있는 아침 식사입니다. 기본 재료는 식빵, 계란, 우유이며, 원하는 경우 과일, 메이플 시럽, 휘핑크림 등을 추가할 수 있습니다. 만들기 방법은 간단합니다. 먼저 계란과 우유를 섞고, 빵을 그 혼합물에 담근 후, 팬에 버터를 두르고 양면을 노릇하게 구워줍니다. 간편하면서도 맛있고 다양한 변형이 가능한 요리입니다."
프렌치 토스트 레시피,"프렌치 토스트는 간단하고 맛있는 아침 식사입니다. 재료는 식빵 4장, 달걀 2개, 우유 1/2컵, 설탕 1큰술, 바닐라 추출물 1작은술, 소금 약간입니다. 

1. 볼에 달걀, 우유, 설탕, 바닐라 추출물, 소금을 섞습니다. 
2. 팬에 버터를 두르고 중불로 예열합니다. 
3. 식빵을 계란 혼합물에 담가 양면을 적시고, 팬에 올립니다. 
4. 각 면이 황금색이 될 때까지 2-3분 굽습니다. 
5. 메이플 시럽이나 과일로 장식해 즐기세요!"
Milk 번역해줘,"""Milk""는 한국어로 ""우유""로 번역됩니다. 우유는 여러 종류의 영양소를 포함하고 있으며, 주로 소, 염소, 양 등에서 얻어집니다. 다양한 요리에 사용되며, 음료로도 소비됩니다. 특히, 칼슘과 비타민 D가 풍부하여 뼈 건강에 도움이 됩니다. 우유는 또한 치즈, 요거트 등 다양한 유제품의 기본 재료로 사용됩니다."
빙수 만드는 법,"빙수는 여름철 인기 있는 한국 디저트입니다. 아래는 기본적인 빙수 만드는 법입니다.

1. **재료 준비**: 얼음, 팥, 연유, 과일 (딸기, 망고 등), 떡, 견과류 등을 준비합니다.
2. **얼음 갈기**: 얼음을 믹서나 빙수 기계로 곱게 갈아줍니다.
3. **그릇에 담기**: 갈아낸 얼음을 그릇에 담습니다.
4. **토핑 추가**: 팥, 과일, 떡 등을 위에 올립니다.
5. **연유 뿌리기**: 마지막으로 연유를 적당히 뿌려 완성합니다.

시원하게 즐기세요!"
부추전 레시피,"부추전은 간단하면서도 맛있는 한국 전입니다. 재료로는 부추, 밀가루, 물, 소금, 그리고 선택적으로 양파나 해물(새우, 오징어 등)을 추가할 수 있습니다.

1. 부추를 깨끗이 씻고 잘게 썰고, 양파와 해물이 있다면 함께 준비합니다.
2. 볼에 밀가루와 물을 넣고 반죽을 만듭니다. 소금을 넣어 간을 맞춥니다.
3. 부추와 다른 재료를 반죽에 섞습니다.
4. 팬에 기름을 두르고 중약불에서 반죽을 올려 노릇하게 구워줍니다.
5. 양면이 바삭해지면 완성! 간장이나 초고추장과 함께 즐기세요."
강남역 맛집,"강남역에는 다양한 맛집이 있습니다. 추천하는 곳으로는 '강남교자 본점'의 칼국수와 교자만두, '도치피자 강남점'의 피자, '시골야채된장'의 된장비빔밥 등이 있습니다. 또한 '농민백암순대'의 순대국, '맛보리생돼지김치두루치기'의 두루치기도 인기입니다. 추가로 신도세기의 김치찌개, SPC스퀘어의 꿔바로우, 무교동낙지의 낙지볶음도 추천됩니다. 가격대는 대부분 만원에서 2만원 사이로, 총 264개의 맛집이 위치해 있습니다."
대한민국 대통령이 누구야,"현재 대한민국 대통령은 윤석열입니다. 그는 2022년 5월 10일에 제13대 대통령으로 취임하였으며, 이전에는 검찰총장으로 재직했습니다. 윤석열 대통령은 보수 정당인 국민의힘 소속으로, 대선 과정에서는 경제 회복과 안보 강화를 주요 공약으로 내세웠습니다. 그의 정부는 다양한 사회적 이슈와 외교 정책에 대해 활발히 대응하고 있으며, 국내외에서 많은 주목을 받고 있습니다."
맛집 인스타 포스팅을 위한 초안을 작성해줘,"물론입니다! 맛집 인스타 포스팅 초안은 다음과 같습니다:

---

🍽️✨ 오늘은 [맛집 이름]에 다녀왔어요! 

여기서의 특별한 메뉴는 바로 [특별 메뉴 이름]인데, 진짜 맛있어요! 😋🌟 [메뉴 설명: 재료, 조리 방법, 맛의 특징 등]

분위기도 아늑하고, 직원분들도 친절해서 기분 좋게 식사할 수 있었어요. 🥰💕

다음에는 [다음 방문 계획이나 추천 메뉴]도 꼭 먹어봐야겠어요!

📍위치: [주소]
🕒영업시간: [영업시간]

#맛집 #인스타그램 #먹스타그램 #맛있는음식 #추천

--- 

이렇게 작성하면 좋을 것 같습니다!"
침착맨,"침착맨은 한국의 인기 유튜버이자 웹툰 작가로, 본명은 김민수입니다. 그는 주로 게임, 일상 브이로그, 그리고 다양한 사회적 이슈에 대한 의견을 유머러스하게 전달합니다. 그의 콘텐츠는 유머와 독창성으로 많은 팬들에게 사랑받고 있으며, 특히 침착한 태도로 유명합니다. 침착맨은 웹툰 ""침착맨""을 연재하며, 팬들과 소통하는 다양한 방법을 통해 커뮤니티를 확장하고 있습니다. 그의 유튜브 채널은 다양한 영상으로 구성되어 있으며, 구독자 수가 급격히 증가하고 있는 추세입니다."
'이 카페 맛없어요'를 정중한 표현으로 바꿔줘,'이 카페의 음식은 제 취향과는 맞지 않는 것 같아요.' 또는 '이 카페의 맛이 저에게는 조금 부족한 것 같아요.'와 같이 말할 수 있습니다. 이렇게 표현하면 부정적인 의견을 좀 더 정중하게 전달할 수 있습니다. 상대방의 기분을 고려하면서도 자신의 의견을 분명히 할 수 있는 좋은 방법입니다.
성심당 빵집은 왜 인기가 많아?,"성심당 빵집은 여러 가지 이유로 인기가 많습니다. 첫째, 신선한 재료와 전통적인 제조 방법을 사용하여 맛이 뛰어납니다. 둘째, 다양한 종류의 빵과 디저트를 제공하여 고객의 다양한 취향을 충족시킵니다. 셋째, 매장 분위기가 아늑하고 편안하여 많은 사람들이 방문하고 싶어합니다. 마지막으로, 성심당은 지역 사회와의 밀접한 관계를 유지하며, 고객들에게 친근한 서비스를 제공하여 신뢰를 얻고 있습니다. 이러한 요소들이 결합되어 성심당은 많은 사랑을 받고 있습니다."
서울의 유명 빵집,"서울에는 많은 유명 빵집이 있습니다. 그 중에서 '성수동 빵집'으로 알려진 '르빵'은 고급 재료로 만든 독창적인 빵으로 인기가 높습니다. '이상한 나라의 앨리스'는 예쁜 인테리어와 다양한 케이크, 빵이 매력적입니다. '파리크라상'은 프랑스식 페이스트리와 빵으로 유명하며, '빵굽는 소년'은 수제 빵으로 사랑받고 있습니다. 마지막으로 '빵과 커피'는 신선한 재료로 만든 다양한 옵션으로 주목받고 있습니다. 서울의 빵집은 각기 다른 매력과 맛을 제공하므로 꼭 방문해 보세요."
망고 빙수 먹고 싶다,"망고 빙수는 여름철에 특히 인기 있는 디저트로, 부드러운 얼음 위에 신선한 망고 조각과 망고 소스를 얹어 달콤함을 더합니다. 보통 연유나 아이스크림을 추가하여 더욱 고소한 맛을 즐길 수 있습니다. 한국의 많은 카페와 디저트 전문점에서 쉽게 찾을 수 있으며, 다양한 변형으로 제공되기도 합니다. 집에서 만들고 싶다면 얼음과 망고를 믹서에 갈아 만든 후, 원하는 토핑을 추가하면 됩니다. 더위를 식히기에 아주 좋은 선택입니다!"
스타벅스 아메리카노 얼마야?,"스타벅스 아메리카노 가격은 다음과 같습니다:

- 숏: 3,700원 (300원 내림)
- 톨: 4,500원
- 그란데: 5,300원 (300원 인상)
- 벤티: 6,100원 (600원 인상)

각 사이즈에 따라 가격이 다르니 참고하세요!"
라떼로 유명한 곳,"서울에서 라떼로 유명한 카페에는 여러 곳이 있습니다. '모멘토 브루어스'는 호주 원두를 사용한 특별한 카페라떼로 인기 있으며, '루즈도어'는 미국 감성을 담은 고소한 라떼로 추천됩니다. 또한, '비전스트롤'은 묵직한 인테리어와 함께 맛있는 라떼를 제공합니다. 이 외에도 '아러바우트', '블루보틀 역삼', '하프커피' 등 다양한 카페가 각기 다른 매력을 가진 라떼를 제공합니다. 이들 카페에서 독특한 라떼 경험을 즐겨보세요."
어린 왕자 내용 요약해줘,"《어린 왕자》는 앙투안 드 생텍쥐페리의 작품으로, 사하라 사막에서 비행기 사고로 고립된 조종사와 어린 왕자의 만남을 중심으로 전개됩니다. 어린 왕자는 자신의 별에서 다양한 경험을 통해 성인 세계의 허영과 무관심을 비판합니다. 그는 여러 행성을 여행하며 만난 인물들, 즉 왕, 허영쟁이, 술꾼 등을 통해 진정한 사랑과 우정의 의미를 깨닫습니다. 결국 어린 왕자는 자신의 장미를 소중히 여기는 법을 배우고, 사랑과 책임의 중요성을 강조하며 이야기는 감동적으로 마무리됩니다."
고양이 그림 그려줘,"고양이 그림을 그리는 방법은 다음과 같습니다. 먼저, 고양이의 기본 형태를 연필로 가볍게 스케치합니다. 동그란 머리와 타원형의 몸체를 그린 후, 귀는 삼각형으로 추가합니다. 눈은 큰 원형으로 그리며, 코와 입은 간단한 선으로 표현합니다. 그 다음, 다리와 꼬리를 추가하고, 고양이의 특징인 털을 표현하기 위해 부드러운 선을 추가합니다. 마지막으로, 색칠을 하여 고양이의 개성을 드러내면 완성됩니다. 연습을 통해 다양한 포즈와 표정을 시도해 보세요!"
커피 그림 그려줘,"커피 그림을 그리는 방법은 다음과 같습니다. 먼저, 커피 컵의 형태를 그립니다. 원형의 컵과 그 위에 소량의 커피를 그려주세요. 컵의 가장자리에는 약간의 곡선을 추가해 입체감을 줍니다. 그다음, 커피 위에 스팀을 표현하기 위해 곡선 선을 추가합니다. 마지막으로 컵의 테두리와 바닥에 음영을 주어 깊이를 더합니다. 색상은 브라운과 크림색을 활용하면 좋습니다. 그림을 완성한 후, 배경에 커피콩이나 커피숍의 느낌을 추가해보세요."
부산 1박 2일 여행 일정 짜줘,"부산 1박 2일 여행 일정을 아래와 같이 추천합니다.

**1일차:**
- 오전: 해운대 해수욕장 산책 및 조식 (해운대 근처 카페)
- 오후: 동백섬 탐방 및 APEC 나루공원 관람
- 저녁: 광안리 해수욕장에서 노을 감상 후, 근처 식당에서 저녁식사 (해물탕 추천)

**2일차:**
- 오전: 자갈치 시장 방문하여 신선한 해산물 아침식사
- 오후: 감천문화마을 탐방 및 사진 촬영
- 저녁: 부산타워 방문 후, 야경 감상

즐거운 여행 되세요!"
맥북 가격 알려줘,"맥북의 가격은 모델에 따라 다릅니다. 현재 14인치 MacBook Pro (M3)는 약 2,390,000원부터 시작하며, 16인치 MacBook Pro (M3)는 3,490,000원부터입니다. 맥북 Air는 125만 원에서 150만 원 사이, 14인치 맥북 Pro는 255만 원에서 306만 원, 16인치 맥북 Pro는 332만 원에서 398만 원 사이의 가격대를 형성하고 있습니다. 각 모델에 따라 성능과 기능이 다르므로, 필요에 따라 선택하시면 좋습니다."
강아지랑 가기 좋은 카페 알려줘,"강아지와 함께 가기 좋은 카페로는 '카페 델리도그'가 있습니다. 이곳은 반려견을 위한 전용 메뉴와 넓은 야외 좌석이 있어 편안하게 이용할 수 있습니다. 또 다른 추천 카페는 '펫카페 그린'으로, 다양한 반려동물 친화적인 시설과 함께 강아지와 산책하기 좋은 공간이 마련되어 있습니다. 마지막으로 '버블티 강아지 카페'도 인기 있으며, 강아지와 함께 즐길 수 있는 다양한 음료와 스낵을 제공합니다. 각 카페는 사전 예약이나 방문 전에 반려견 정책을 확인하는 것이 좋습니다."
당근 케이크 맛집,"당근 케이크 맛집으로 추천하는 곳은 '세시셀라'입니다. 서울 강남구 도산공원에 위치하며, 가격은 8,800원입니다. 이곳의 당근 케이크는 쫀쫀한 식감과 크림치즈 프로스팅이 특징입니다. 그 외에도 '아니스', '암튼', '하우스레서피', '반창고' 같은 맛집들도 추천됩니다. 각기 다른 매력을 가진 이들 가게에서 다양한 당근 케이크를 즐겨보세요!"
맛집 블로그 초안 써줘,"# 맛집 블로그 초안

## 제목: 숨겨진 맛집 탐방: [맛집 이름]

안녕하세요, 여러분! 오늘은 제가 최근에 발견한 [맛집 이름]에 대해 소개해드릴게요. 이곳은 [위치]에 위치하고 있으며, [특징]으로 유명합니다. 

### 메뉴 소개
특히 추천하는 메뉴는 [메뉴 이름]입니다. 이 요리는 [재료]로 만들어져 깊고 풍부한 맛을 자랑합니다. 또한, [다른 메뉴]도 꼭 맛보세요!

### 분위기
가게 내부는 [분위기 설명]으로 아늑한 느낌을 줍니다. 혼자서 오기에도, 친구들과 함께 오기에도 딱 좋은 장소입니다.

### 마무리
여러분도 기회가 된다면 꼭 방문해보세요! 맛있는 음식과 함께 행복한 시간을 보낼 수 있을 거예요."
어린왕자 내용을 요약해줘,"《어린 왕자》는 생텍쥐페리의 작품으로, 어린 왕자가 여러 행성을 여행하며 만난 다양한 캐릭터를 통해 인간의 본성과 삶의 의미를 탐구하는 이야기입니다. 어린 왕자는 자신의 행성을 떠나 지구에 도착하고, 비행기 조종사와 우정을 맺습니다. 그는 왕, 허영심 많은 남자, 술꾼, 상인 등과의 만남을 통해 성인 세계의 허무함을 깨닫습니다. 결국, 사랑과 우정의 중요성을 강조하며, 진정한 가치가 외적인 것이 아닌 내면에서 비롯됨을 알게 됩니다. 이 작품은 순수한 시각으로 삶을 바라보는 메시지를 담고 있습니다."
스타벅스 아메리카노는 얼마야?,"스타벅스 아메리카노의 가격은 다음과 같습니다:

- 숏: 3,700원
- 톨: 4,500원
- 그란데: 5,300원
- 벤티: 6,100원

원하는 사이즈에 따라 가격이 다르니 참고하세요!"
부산 1박 2일 여행 일정을 짜줘,"부산 1박 2일 여행 일정을 아래와 같이 추천합니다.

**1일차:**
- 오전: 해운대 해수욕장 산책 및 조식 (해운대 근처 카페 추천)
- 오후: 동백섬 탐방 후 마린시티 구경
- 저녁: 광안리 해수욕장 근처에서 저녁식사 (회 추천)
- 밤: 광안대교 야경 감상

**2일차:**
- 오전: 자갈치 시장 방문, 신선한 해산물로 아침식사
- 오후: 용두산공원 및 부산 타워 방문
- 저녁: 서면에서 쇼핑 및 저녁식사 후 귀가

즐거운 여행 되세요!"
더불어민주당 당대표가 누구야,"더불어민주당의 당대표는 이재명입니다. 그는 당의 정책과 방향성을 이끌며, 민생 문제 해결과 민주주의 수호를 위해 힘쓰고 있습니다. 최근에는 의료대란과 같은 현안에 대해 적극적으로 대응하고 있습니다."
국민의 힘 당대표가 누구야,"현재 국민의힘의 당대표는 한동훈입니다. 그는 2024년 제4차 전당대회에서 선출되었으며, 당의 변화를 이끌고자 하는 비전을 가지고 있습니다. 또한, 그는 보수의 진보를 강조하며 당의 방향성을 제시하고 있습니다."
래빗 R1 리뷰,"래빗 R1은 세련된 디자인과 뛰어난 성능을 자랑하는 전기 스쿠터입니다. 최대 속도는 약 25km/h이며, 한 번 충전으로 약 30~50km를 주행할 수 있습니다. 중량은 가벼워 이동이 편리하며, 접이식 구조로 보관이 용이합니다. 또한, LED 조명과 디지털 계기판이 있어 야간 주행 시 안전성을 높입니다. 브레이크 성능도 우수하여 안정적인 주행이 가능합니다. 그러나 가격대가 다소 높은 편이므로 구매 전 예산을 고려하는 것이 좋습니다. 전반적으로 도시 내 이동 수단으로 적합한 선택입니다."
테슬라 3년 실적,"테슬라는 최근 3년 동안의 실적에서 다음과 같은 주요 수치를 기록했습니다. 2023년 3분기 주당순이익(EPS)은 0.66달러로 예상치인 0.73달러를 하회했고, 매출은 233억 5천만 달러로 전년 대비 9% 증가했지만 전 분기 대비 감소했습니다. 2024년 1월 24일에는 EPS가 0.71달러, 매출은 25.17B 달러로 예상치를 약간 밑돌았습니다. 2024년 4월 23일에는 EPS가 0.45달러, 매출은 21.3B 달러로 각각 예상을 하회했습니다. 영업이익률은 감소 추세를 보이고 있습니다."
맘스터치 메뉴,"맘스터치 메뉴는 다양한 치킨 요리를 포함하고 있습니다. 대표적으로 싸이순살, 싸이순살너겟, 싸이너겟, 싸이맥스, 그리고 간장치킨이 있습니다. 또한, 사이드 메뉴로는 감자튀김, 샐러드, 그리고 떡볶이가 제공됩니다. 맘스터치의 메뉴는 계절에 따라 변동이 있을 수 있으며, 지역에 따라 추가적인 메뉴가 있을 수 있습니다. 배달 및 포장 서비스도 이용 가능하니, 원하는 메뉴를 확인하고 주문해 보세요!"
아인슈타인이 좋아한 디저트 카페 알려줘,"아인슈타인이 좋아한 디저트 카페로 유명한 곳은 스위스 취리히에 위치한 'Cafe Schober'입니다. 이 카페는 전통적인 스위스 디저트와 초콜릿으로 유명하며, 아인슈타인이 자주 방문하던 장소 중 하나입니다. 특히, 그곳의 케이크와 초콜릿은 뛰어난 맛으로 많은 사람들에게 사랑받고 있습니다. 카페의 아늑한 분위기와 역사적인 매력도 방문객들에게 큰 인기를 끌고 있습니다. 취리히를 방문할 기회가 있다면 꼭 들러보세요."
맘스터치에서 카카오페이 쓸 수 있어?,"네, 맘스터치에서 카카오페이를 사용할 수 있습니다. 매장에 따라 다를 수 있지만, 대부분의 맘스터치 매장에서 카카오페이 결제가 가능합니다. 결제 시 카카오페이 앱을 통해 QR코드를 스캔하거나, 결제 버튼을 통해 간편하게 결제할 수 있습니다. 방문 전에 해당 매장에서 카카오페이 사용 여부를 확인하는 것도 좋은 방법입니다. 추가로, 다양한 할인 혜택과 이벤트가 있을 수 있으니 참고하세요!"
요즘 서울 집값 어때?,"서울의 집값은 최근 상승세를 보이고 있습니다. 특히 강남 3구(강남, 서초, 송파)와 용산구에서 두드러진 상승률을 기록하고 있습니다. 2024년에는 강남 지역 아파트가 전 고점을 향해 상승하며, 7월 한 달 동안 서울 전체 아파트값은 0.56% 상승했습니다. 용산구는 3.29%로 가장 큰 상승폭을 보였고, 매매가격전망 지수는 127로 과거의 '불장' 시기와 유사한 상승 전망을 나타내고 있습니다. 전반적으로 내 집 마련을 계획하는 수요가 증가하고 있습니다."
그린벨트 해제 관련 뉴스 알려줘,"서울시는 그린벨트 해제에 따른 투기 우려로 현장 조사를 실시하고 있습니다. 불법 행위를 차단하고 허가받은 토지 이용 실태를 점검할 계획이며, 위반 시 수사 의뢰 및 허가 취소 등의 조치를 취할 예정입니다. 정부는 수도권의 그린벨트를 해제하고 신규 택지 8만 가구를 공급할 계획으로, 이는 2012년 이후 12년 만의 대규모 해제입니다. 특히, 강남 3구와 용산이 후보지로 거론되며, 공급 효과는 5~10년 후 나타날 것으로 예상됩니다."
맘스터치 콜라 종류,"맘스터치에서 제공하는 콜라 종류는 주로 코카콜라와 제로콜라입니다. 기본 코카콜라는 시원하고 달콤한 맛이 특징이며, 제로콜라는 칼로리가 낮아 다이어트를 고려하는 고객들에게 인기가 있습니다. 또한 특정 매장에서는 사이다와 같은 다른 음료도 선택할 수 있습니다. 메뉴에 따라 다양한 음료가 제공될 수 있으니, 방문하는 매장에서 확인하는 것이 좋습니다. 추가적으로, 시즌 한정 음료나 이벤트 음료가 있을 수 있으니 참고하세요."
핸드드립 맛집,"서울에서 추천하는 핸드드립 맛집으로는 '브루잉 세레모니', '노띵커피', '헤베커피', 'YM 커피 로스터스'가 있습니다. 이 카페들은 스페셜티 커피를 전문으로 하며, 독특한 커피 레시피와 분위기를 제공합니다. 특히, 브루잉 세레모니의 게이샤 커피와 헤베커피의 케냐 캄왕기가 인기입니다. 그 외에도 '담대하게', '커피워크센터', '커피산보', '클럽에이', 'TXTCOFFEE', '3FLOBBY' 등도 핸드드립 커피를 즐길 수 있는 좋은 장소입니다. 각 카페에서 다양한 맛을 경험해 보세요."
드립 커피 맛집,"서울에서 추천하는 드립 커피 맛집으로는 '담대하게', '커피워크센터', 'BK커피', '커피그라운즈', '헤베커피' 등이 있습니다. 이들 카페는 직접 로스팅과 핸드드립을 통해 다양한 원두의 맛을 경험할 수 있도록 합니다. 특히, '커피산보', '클럽에이커피', 'YM 커피 로스터스' 등은 독특한 레시피와 아늑한 분위기로 커피 마니아들에게 인기가 높습니다. 각 카페는 스페셜티 커피를 전문으로 하여, 특별한 커피 경험을 제공합니다."
망고빙수 먹고 싶다,"망고빙수는 여름철에 특히 인기 있는 디저트로, 부드러운 얼음 위에 신선한 망고와 연유, 그리고 다양한 토핑이 올라가 있어요. 집에서도 쉽게 만들 수 있는데, 얼음을 갈고, 신선한 망고를 잘라 위에 올린 후 연유를 뿌리면 됩니다. 추가로 과일이나 찹쌀떡, 아이스크림 등을 곁들이면 더욱 풍부한 맛을 즐길 수 있어요. 가까운 카페나 빙수 전문점에서도 다양한 스타일의 망고빙수를 맛볼 수 있으니, 찾아보세요!"
강남역 카페 추천해줘,"강남역 근처 추천 카페로는 다음과 같은 곳들이 있습니다: 

1. **리퍼크**
2. **홀리데이세븐**
3. **인포메이션**
4. **얼아츠**
5. **트리오드**
6. **어그리커피**
7. **썸띵어바웃커피**
8. **정월** - 신논현역 근처, 조용한 분위기, 추천 메뉴: 말차 아인슈페너, 영업시간: 12:00 - 22:00, 전화: 0507-1339-0926.

각 카페는 독특한 분위기와 맛있는 커피, 디저트를 제공합니다."
당근케이크 맛집,"당근케이크 맛집으로 추천되는 곳은 '세시셀라'와 '하우스레서피'입니다. 

- **세시셀라**: 도산공원에 위치하며, 쫀쫀한 식감과 크림치즈 프로스팅이 특징입니다.
  
- **하우스레서피**: 제주도에 있으며, 제주산 당근을 사용하여 담백한 맛의 케이크를 제공합니다.

각기 다른 매력을 가진 두 곳에서 맛있는 당근케이크를 즐겨보세요!"
날씨,"현재 서울의 날씨는 구름이 조금 끼어 있으며 기온은 30.1도입니다. 내일(5일) 수도권과 강원영서 지역에서는 가끔 비가 내릴 것으로 예상되며, 최고 체감온도는 33도에 이를 것으로 보입니다. 매우 더운 날씨가 지속되므로 건강 관리에 유의하시기 바랍니다. 더 자세한 날씨 정보는 기상청 날씨누리에서 확인할 수 있으며, 단기예보, 중기예보, 강수량, 기온, 바람 등 다양한 요소와 지역별 날씨 상황을 제공합니다."
세종대왕이 좋아한 카페 알려줘,"세종대왕이 살았던 시기는 15세기 조선시대라, 현대의 카페와는 거리가 있습니다. 하지만 세종대왕이 직접적으로 좋아했던 음료는 전통차로, 특히 대추차와 생강차가 유명합니다. 현대에 들어서는 세종대왕과 관련된 테마 카페들이 서울과 세종시에 위치해 있으며, 전통 차를 현대적으로 재해석한 메뉴를 제공하는 곳도 많습니다. 이러한 카페에서 전통 음료를 즐기며 세종대왕의 업적을 기릴 수 있습니다."
조선시대 인기 카페 알려줘,"조선시대에는 현대적인 카페와 같은 개념은 없었지만, 다방(茶房)과 같은 차를 마실 수 있는 공간이 있었습니다. 특히, 서울의 인사동과 같은 지역에서 운영된 다방이 인기를 끌었습니다. 이곳에서는 차와 함께 다양한 간식이 제공되었고, 사람들이 모여 담소를 나누는 장소로 기능했습니다. 또한, 문학과 예술이 발전하던 시기였기 때문에, 시인과 화가들이 자주 찾던 곳이기도 합니다. 따라서 조선시대의 다방은 문화 교류와 소통의 중요한 장이었습니다."
이번 미국 cpi 어떻게 나왔어? ,"2024년 8월 14일 발표된 미국 소비자물가지수(CPI)는 전년 대비 2.9% 상승하여 예상치인 3.0%를 하회했습니다. 이는 인플레이션 완화를 나타내며, 연준의 금리 인하 가능성을 높이는 신호로 해석됩니다. 또한, 근원 CPI는 3.2%로 예상치와 일치하였으며, 이는 식품과 에너지를 제외한 가격 변동을 측정하는 중요한 지표입니다. 7월 CPI는 314.54포인트로, 역대 최고치를 기록했습니다."
2024년 7월 CPI,"2024년 7월 미국 소비자물가지수(CPI)는 전년 대비 2.9% 상승하여 예상치인 3.0%를 하회했습니다. 이 수치는 인플레이션 변동을 나타내는 중요한 지표로, 2024년 8월 2일에 발표된 자료에서 확인할 수 있습니다. 참고로, 2024년 8월 CPI는 114.54로, 7월 대비 0.4% 상승한 수치입니다. 7월의 CPI 동향에 대한 구체적인 수치는 7월 2일 화요일에 발표될 예정입니다."
맞써 싸워 할때 이 ‘맞써’가 맞아?,"‘맞써’라는 표현은 표준어가 아닙니다. 올바른 표현은 ‘맞서’입니다. ‘맞서 싸우다’는 상대와 대치하거나 대립하여 싸운다는 의미로 사용됩니다. 따라서 ""맞써 싸워 할때""는 ""맞서 싸워 할 때""로 수정해야 합니다. 문맥에 따라 다소 차이가 있을 수 있지만, 일반적으로 ‘맞서’가 적절한 용법입니다."
갤럭시링,"갤럭시 링은 삼성에서 2024년 7월 10일 파리에서 공개한 1세대 스마트 링입니다. 이 제품은 생체 신호를 측정하여 활동 패턴과 수면 질을 분석하며, 삼성 헬스 앱과 연결되어 건강 데이터를 동기화합니다. 최대 7일의 배터리 수명을 제공하며, 오우라 링과 같은 경쟁 제품과 비교됩니다. 가격은 49만 9,400원으로 설정되어 있습니다. 갤럭시 링은 삼성 생태계와의 통합으로 건강 정보 추적을 용이하게 합니다."
갤럭시링 후기,"갤럭시 링은 삼성의 최신 웨어러블 기기로, 주로 건강 관리와 피트니스 기능에 중점을 두고 있습니다. 심박수, 수면 패턴, 스트레스 수준 등을 모니터링하며, 블루투스 연결을 통해 스마트폰과 연동됩니다. 디자인이 세련되고 착용감이 좋다는 후기가 많아 일상에서 편리하게 사용할 수 있습니다. 그러나 배터리 수명이 짧다는 의견도 있으며, 앱의 기능이 더 다양해졌으면 좋겠다는 바람이 있습니다. 전반적으로 건강을 관리하는 데 유용한 도구로 평가받고 있습니다."
사극대본짜줘,"사극 대본의 기본 구조를 아래와 같이 제안합니다.

---

**제목: 바람 속의 왕자**

**장소: 궁궐 정원**

**등장인물:**
- 왕자 민수
- 궁녀 소희
- 악당 이준

**(장면 1: 정원, 민수가 소희와 대화 중)**

민수: (한숨) 소희야, 이 나라의 운명이 나의 어깨에 달렸다는 게 실감이 나지 않아.

소희: 왕자님, 힘내세요. 백성들은 왕자님의 결단을 믿고 있습니다.

**(장면 2: 이준이 등장)**

이준: (비웃으며) 왕자님, 당신이 무슨 결정을 내려도 이미 늦었습니다.

---

이렇게 설정을 정리하고, 각 장면에 대사를 추가하면 더욱 풍성한 대본이 될 것입니다."
잇섭이 추천한 치킨집이 어디지?,"잇섭이 추천한 치킨집은 '핫윙'과 '교촌치킨'입니다. 핫윙은 매운 양념치킨으로 유명하며, 다양한 사이드 메뉴도 제공하여 인기가 많습니다. 교촌치킨은 간장치킨과 마늘치킨으로 유명하고, 바삭한 식감과 깊은 맛이 특징입니다. 두 곳 모두 맛과 품질로 많은 사랑을 받고 있어, 치킨 팬이라면 꼭 방문해볼 만한 곳입니다."
독깨팔이 뭐야,"독깨팔이란, 주로 한국에서 사용되는 속어로, ""독""은 독약이나 독성을 의미하며, ""깨팔이""는 ""깨다""와 ""팔이""의 합성어로, 상대방의 문제를 해결하기 위해 독을 사용하여 그들의 상황을 더욱 악화시키는 행위를 의미합니다. 이 용어는 보통 누군가가 다른 사람이나 상황을 고의로 해치는 행위를 비유적으로 표현할 때 사용됩니다. 따라서 독깨팔이는 타인의 곤란한 처지를 이용하거나 그들을 괴롭히는 행동을 지칭합니다."
더 인플루언서 우승자,"더 인플루언서의 우승자는 유튜버 오킹(본명 오병민)입니다. 그러나 그는 넷플릭스와의 계약을 위반하여 우승 사실을 누설했고, 이로 인해 상금 3억 원이 지급되지 않기로 결정되었습니다. 넷플릭스는 프로그램의 신뢰도와 공정성을 유지하기 위해 이러한 조치를 취한 것으로 알려져 있습니다."
설빙 칼로리,"설빙의 칼로리는 메뉴에 따라 다양합니다. 예를 들어, 대표적인 메뉴인 인절미 빙수는 약 700~800칼로리, 초코빙수는 약 600~700칼로리 정도입니다. 과일이 들어간 빙수는 약간 더 낮거나 높을 수 있으며, 추가 토핑이나 시럽에 따라 칼로리가 증가할 수 있습니다. 설빙의 모든 메뉴는 고유의 맛과 재료로 구성되어 있으니, 정확한 칼로리는 주문 시 확인하는 것이 좋습니다. 건강을 고려해 적절한 선택을 하시길 추천합니다."
논현역 맛있는 밥집,"논현역 주변에는 맛있는 밥집이 다양하게 있습니다. '이태리부대찌개'는 깊고 진한 국물의 부대찌개로 유명하며, '차돌박이삼겹살'은 고기 질이 뛰어나고 분위기도 좋습니다. 또한, '마포갈매기'는 고소한 갈매기살을 맛볼 수 있는 인기 있는 장소입니다. 한식이 필요하다면 '부산아지매'의 해물찜도 추천합니다. 각 식당들은 논현역과 가까워 접근성이 좋으며, 다양한 메뉴로 선택의 폭이 넓습니다. 주말에는 예약을 고려하는 것이 좋습니다."
잉어킹이랑 야돈 중에 누가 더 쎄?,"잉어킹과 야돈은 각각 다른 타입의 포켓몬으로, 전투에서의 강함은 여러 요소에 따라 달라질 수 있습니다. 잉어킹은 물 타입 포켓몬으로 주로 방어적인 스탯을 가지고 있으며, 진화하면 강력한 잠만보가 됩니다. 반면 야돈은 물/에스퍼 타입으로, 전투에서 더 높은 특수 방어력을 지니고 있습니다. 전반적으로 야돈이 잉어킹보다 스탯이 더 높고, 다양한 기술을 배울 수 있어 전투에서 더 유리한 편입니다. 하지만 상황에 따라 다를 수 있으니 전략이 중요합니다."
BNK 투자증권 임영훈이 누구야,"임영훈은 BNK 투자증권의 대표이사로, 금융업계에서 오랜 경험을 가진 인물입니다. 그는 금융시장 분석, 자산 관리 및 투자 전략에 대한 깊은 이해를 바탕으로 회사의 성장과 발전에 기여하고 있습니다. 임영훈 대표는 고객에게 최상의 금융 서비스를 제공하기 위해 노력하며, BNK 투자증권의 비전과 전략을 수립하는 데 중요한 역할을 하고 있습니다. 그의 리더십 아래, 회사는 다양한 금융 상품과 서비스를 통해 고객의 투자 니즈를 충족시키고자 합니다."
후쿠오카 하이타이드 스토어,"후쿠오카 하이타이드 스토어는 빈티지 인테리어 소품과 다양한 문구 잡화를 제공하는 매장입니다. 이곳은 유명 문구 브랜드 '펜코' 제품을 판매하며, 고객이 직접 나만의 노트를 만들 수 있는 체험도 제공합니다. 또한, 커피를 즐길 수 있는 카페도 운영하고 있어 편안한 시간을 보낼 수 있습니다. 매장은 후쿠오카 중구 시로가네에 위치해 있습니다."
한적하고 여유로운 일본 여행하려면 어떤 여행지가 좋은지,"한적하고 여유로운 일본 여행을 원하신다면, 다음 몇 가지 여행지를 추천드립니다.

1. **하코네**: 온천과 자연 경관이 아름다워 편안한 휴식을 취할 수 있습니다.
2. **니세코**: 겨울 스포츠와 여름의 산악 활동이 가능한 조용한 지역입니다.
3. **가고시마**: 아름다운 자연과 온천이 조화를 이루며, 여유로운 시간을 보낼 수 있습니다.
4. **마츠모토**: 역사적인 성과 주변의 알프스 산맥이 어우러져 평화로운 분위기를 제공합니다.

이 외에도 작은 마을과 섬들도 좋은 선택이 될 수 있습니다."
라마 모델의 성능은 어때?,"라마 모델(LLaMA, Large Language Model from Meta)의 성능은 매우 뛰어납니다. 이 모델은 다양한 자연어 처리 태스크에서 높은 정확도를 보여주며, 특히 대화 생성, 질문 응답, 텍스트 요약 등에서 효과적입니다. LLaMA는 대규모 데이터셋으로 훈련되어 언어 이해와 생성 능력이 향상되었으며, 다양한 언어를 지원합니다. 특히, 모델의 크기와 구조에 따라 성능이 달라지므로, 특정 용도에 맞는 적절한 모델 선택이 중요합니다. 전반적으로, LLaMA는 최신 NLP 기술을 반영하는 우수한 모델입니다."
안동 용상 미용실 추천해줘,"안동 용상동에서 추천할 만한 미용실은 다음과 같습니다:

1. **더 헤어** - 연락처: 054-823-6969
2. **온헤어** - 연락처: 054-900-6188
3. **제이디헤어** - 연락처: 054-822-5106
4. **각시머리방** - 연락처: 054-821-8617

이 미용실들은 각각 다양한 스타일과 서비스를 제공하므로, 원하는 스타일에 맞춰 선택해 보세요."
군산가볼만한곳 3군데 찾아줘,"군산에서 가볼 만한 곳으로는 다음 세 곳을 추천합니다.

1. **군산근대역사박물관**: 군산의 역사와 문화를 체험할 수 있는 장소로, 다양한 전시와 교육 프로그램이 마련되어 있습니다.

2. **경암동 철길마을**: 오래된 철길을 따라 조성된 마을로, 예쁜 카페와 아기자기한 가게들이 있어 산책하기 좋습니다.

3. **바람의 언덕**: 아름다운 바다 경치를 감상할 수 있는 곳으로, 사진 촬영하기에도 최적의 장소입니다.

이 외에도 군산에는 다양한 명소가 많습니다!"
유도 잡기 싸움 하는 이유,"유도 잡기 싸움, 즉 유도의 경기에서 잡기를 사용하는 이유는 여러 가지가 있습니다. 첫째, 잡기는 상대를 제압하고 경기의 주도권을 잡기 위한 효과적인 기술입니다. 둘째, 상대방의 균형을 무너뜨리고, 그를 제압하여 점수를 얻거나 바로 넘어뜨릴 수 있는 기회를 제공합니다. 셋째, 유도는 기술적이고 전략적인 스포츠로, 잡기를 통해 다양한 전술을 구사하며 상대의 움직임을 예측하고 대응하는 능력을 기를 수 있습니다. 이러한 요소들이 유도 잡기 싸움의 핵심적인 이유입니다."
유튜버 옐언니,"옐언니는 인기 유튜버이자 틱톡 아이돌로, 유튜브에서 372만 명의 구독자를 보유하고 있습니다. 또한, 인스타그램에서는 40만 명, 틱톡에서는 1430만 명의 팔로워를 가지고 있습니다. 그녀는 다양한 콘텐츠를 제작하며, 특히 전 세계 간식 먹기, 미니 게임, 피규어 리뷰 등으로 유명합니다. 이러한 콘텐츠들은 많은 팬들에게 사랑받고 있으며, 옐언니의 독특한 매력을 더욱 돋보이게 하고 있습니다."
유통기한 2년 지난 화장품 써도 돼?,"유통기한이 2년 지난 화장품은 사용하지 않는 것이 좋습니다. 유통기한은 제품의 안전성과 효과를 보장하기 위해 설정된 날짜로, 이 시기를 지나면 성분이 변질되거나 세균이 번식할 수 있습니다. 특히 피부에 직접 닿는 화장품은 부작용이나 알레르기 반응을 일으킬 위험이 높아집니다. 따라서, 안전과 피부 건강을 위해 유통기한이 지난 제품은 버리고 새 제품으로 교체하는 것을 권장합니다."
부산 스테이크 맛집 추천,"부산에서 스테이크를 즐기기에 좋은 맛집 몇 곳을 추천합니다. 

1. **더스테이크**: 신선한 재료와 다양한 스테이크 메뉴로 유명하며, 분위기도 좋습니다.
2. **스테이크하우스**: 고급스러운 인테리어와 함께 다양한 숙성육을 제공합니다.
3. **부산 스테이크**: 합리적인 가격과 푸짐한 양으로 인기가 많습니다.
4. **레드락 스테이크**: 독특한 소스와 함께 즐길 수 있는 스테이크가 매력적입니다. 

각 매장은 특색이 있으니 취향에 맞는 곳을 선택해 보세요!"
기독교식 청첩장 문구,"기독교식 청첩장 문구는 다음과 같이 구성할 수 있습니다:

---

하나님께서 주신 귀한 인연으로,  
[신랑 이름]과 [신부 이름]의 결혼식에  
하나님과 가족, 친구들을 초대합니다.  

일시: [결혼식 날짜 및 시간]  
장소: [결혼식 장소]  

주님의 사랑 안에서 함께 시작하는 새로운 삶을  
여러분과 함께 나누고 싶습니다.  
축복의 자리에 꼭 참석해 주시길 바랍니다.  

감사합니다.  

--- 

이러한 문구는 신앙을 반영하며, 결혼의 의미를 강조합니다."
해리포터의 슬린데린 옷은 어디서 팔아,"해리포터의 슬리데린 옷은 여러 온라인 쇼핑몰에서 구매할 수 있습니다. 예를 들어, G마켓에서는 슬리데린 교복 세트를 포함해 다양한 코스튬을 약 30,490원부터 판매하며, 무료배송 옵션도 있습니다. 정품 교복 망토는 148,000원, 슬리데린 교복 스웨터는 78,000원에 구매 가능합니다. 이 상품들은 모두 국내배송됩니다."
단발 잘 어울리는 얼굴형,"단발머리는 다양한 얼굴형과 잘 어울리지만, 특히 다음과 같은 얼굴형에 잘 맞습니다. 

1. **타원형**: 균형 잡힌 비율로 단발이 자연스럽게 어울립니다.
2. **계란형**: 부드러운 라인 덕분에 단발이 얼굴을 더욱 돋보이게 합니다.
3. **사각형**: 턱선이 두드러지는 경우, 단발이 부드러운 느낌을 줍니다.
4. **둥근형**: 얼굴의 길이를 강조하기 위해 조금 긴 단발이 효과적입니다.

자신의 얼굴형에 맞는 스타일을 선택하면 더욱 매력적입니다."
맥시코식육개장,"맥시코식 육개장은 전통적인 한국의 육개장에 멕시코의 매운 맛과 재료를 접목한 퓨전 요리입니다. 일반적으로 소고기, 숙주, 대파, 고사리 등을 사용하며, 여기에 멕시코 고추, 토마토, 고수 등을 추가하여 특유의 매콤함과 풍미를 더합니다. 이 요리는 국물의 깊은 맛과 함께 매운 맛을 즐길 수 있어, 한국의 전통적인 맛을 사랑하는 이들에게 새로운 경험을 제공합니다. 맥시코식 육개장은 퓨전 요리의 매력을 잘 보여주는 예시입니다."
올해 nvidia 주가 전망은 어때?,"2024년 엔비디아(NVDA)의 주가는 긍정적인 전망을 보이고 있습니다. 현재 주가는 약 $1,064.69이며, 최대 목표주가는 $1,893.04로 예상되며, 이는 82.55%의 상승 여력을 의미합니다. 평균 목표주가는 $1,171.21입니다. 전문가들은 AI 및 게임 산업의 성장 덕분에 주가가 지속적으로 상승할 것으로 보며, 연말까지 $700에 도달할 가능성도 제기되고 있습니다. 따라서 올해 엔비디아의 주가는 전반적으로 상승세를 유지할 것으로 기대됩니다."
평촌오마카세소개해쥐,"평촌에는 다양한 오마카세 식당이 있습니다. 그 중에서도 '스시 마이'는 신선한 재료와 정교한 스시로 유명합니다. 또한 '오마카세 다이'는 다양한 일본 요리를 경험할 수 있는 곳으로, 셰프의 추천 메뉴가 매력적입니다. '스시 소라'는 아늑한 분위기에서 정통 스시를 제공하며, 예약이 필수입니다. 각 식당은 고유의 스타일과 메뉴를 가지고 있으니 방문 전 리뷰를 참고하는 것이 좋습니다. 평촌의 오마카세는 특별한 식사를 원하는 분들께 추천합니다."
구마모토 일본 여행,"구마모토는 일본 큐슈에 위치한 아름다운 도시로, 풍부한 역사와 자연 경관을 제공합니다. 구마모토 성은 도시의 상징으로, 화려한 건축물과 주변 정원이 인상적입니다. 또한, 스이젠지 정원은 일본 전통 정원의 아름다움을 감상할 수 있는 장소입니다. 지역 특산물인 구마모토 라멘과 신선한 해산물도 꼭 맛보아야 할 음식입니다. 자연을 즐기고 싶다면 아소산 국립공원에서 하이킹이나 온천 체험을 추천합니다. 구마모토는 편리한 교통과 친절한 사람들로 여행하기 좋은 곳입니다."
환경오염으로 발꿀이 줄어드는 이유,"환경오염은 발꿀의 서식지와 생태계에 여러 가지 부정적인 영향을 미칩니다. 첫째, 화학물질과 농약의 사용은 발꿀의 생명주기에 필요한 꽃가루와 꿀을 생산하는 식물에 해를 끼쳐 식량을 줄입니다. 둘째, 기후변화로 인한 온도 변화와 날씨 패턴의 변화는 발꿀의 번식과 생존에 영향을 미치며, 서식지가 파괴되고 생태계의 균형이 무너질 수 있습니다. 마지막으로, 도시화와 같은 인간의 활동은 발꿀의 서식지를 줄이고, 이로 인해 발꿀의 개체수가 감소하게 됩니다."
교수님 스승의 날 선물을 추천해줘,"스승의 날 선물로는 다음과 같은 아이디어를 추천합니다. 첫째, 감사의 마음을 담은 손편지나 카드는 언제나 좋은 선택입니다. 둘째, 고급 커피나 차 세트는 교수님이 휴식을 취하시는데 도움이 됩니다. 셋째, 책은 교수님의 전공이나 관심사에 맞춘 것으로 선택하면 좋습니다. 넷째, 작은 화분이나 꽃다발은 사무실을 아름답게 꾸며줄 수 있습니다. 마지막으로, 맞춤형 기념품이나 명함 지갑도 특별한 선물이 될 수 있습니다. 교수님의 취향을 고려해 선택해 보세요!"
강남역 2차로 갈만한 술집 추천해줘,"강남역 2차로 가기 좋은 술집으로는 다음과 같은 곳들이 있습니다:

1. **더부스 강남** - 다양한 수제맥주와 안주를 즐길 수 있는 맥주 전문점입니다.
2. **홍대삼겹살 강남** - 맛있는 삼겹살과 함께 소주를 즐길 수 있는 고깃집입니다.
3. **이자카야 츠바키** - 일본식 이자카야로, 다양한 사케와 일본 안주를 제공합니다.
4. **브루어리 강남** - 수제맥주와 함께하는 편안한 분위기의 바입니다.

각 술집은 독특한 매력을 가지고 있어 즐거운 2차를 보낼 수 있습니다!"
라이언 오슬링이 누구야,"라이언 오슬링(Ryan Gosling)은 캐나다 출신의 배우이자 감독으로, 1980년 11월 12일에 태어났습니다. 그는 1990년대 후반에 디즈니 채널의 ""밀리언드 달러 코브""에서 아역으로 경력을 시작했으며, 이후 ""노트북""(2004), ""블루 발렌타인""(2010), ""라라랜드""(2016) 등 다양한 작품에서 주연을 맡아 큰 인기를 얻었습니다. 그의 연기는 비평가들로부터 호평을 받았으며, 여러 차례 아카데미상 후보에 오르기도 했습니다. 또한 그는 음악 활동도 병행하고 있습니다."
익선동데이트코스,"익선동은 서울의 매력적인 데이트 코스로 유명합니다. 먼저, 익선동의 전통 한옥이 어우러진 골목길을 산책하며 사진을 찍기 좋습니다. 이어서 다양한 카페와 레스토랑에서 맛있는 음식과 음료를 즐길 수 있습니다. 특히, 독특한 인테리어의 카페들이 많아 분위기를 만끽할 수 있습니다. 또한, 아트 갤러리를 방문하거나 근처의 경복궁을 탐방하는 것도 좋은 선택입니다. 저녁에는 조명이 아름다운 거리에서 로맨틱한 시간을 보낼 수 있습니다. 익선동은 연인과 함께 특별한 추억을 만들기에 안성맞춤입니다."
자동차 하이브리드 중 직병렬식과 병렬식 중 어느 것이 좋아?,"직병렬식 하이브리드는 전기 모터와 내연기관이 각각 독립적으로 작동하거나 함께 작동할 수 있어 연비와 성능이 우수합니다. 반면, 병렬식 하이브리드는 주로 내연기관이 주 동력원으로, 전기 모터가 보조 역할을 합니다. 직병렬식은 다양한 주행 조건에서 효율성을 극대화할 수 있지만, 구조가 복잡해 유지보수가 어려울 수 있습니다. 병렬식은 상대적으로 간단하고 가벼워 비용이 낮고 유지가 용이합니다. 따라서 선택은 주행 스타일과 예산에 따라 다를 수 있습니다."
중랑구 망우로353 근처 경락잘하는곳은,"중랑구 망우로353 근처에서 경락 마사지를 잘하는 곳은 '디올스웨디시'입니다. 이곳은 망우로 270에 위치하며, 상봉역에서 도보로 2분 거리에 있습니다. 60분 스웨디시 관리 비용은 60,000원입니다. 또 다른 선택으로는 '헤븐스웨디시'가 있으며, 이곳은 중랑구 겸재로 169-1에 위치해 있습니다. 두 곳 모두 편리한 위치에 있어 쉽게 방문할 수 있습니다."
ㅇ,안녕하세요! 궁금한 점이나 도움이 필요한 부분이 있으시면 말씀해 주세요. 최대한 도움을 드리겠습니다.
배달의 민족 설명을 50자로 설명해줘,"배달의 민족은 한국의 인기 음식 배달 서비스로, 다양한 식당의 음식을 쉽게 주문할 수 있는 앱입니다."
올 겨울에 어떤 슬랙스가 유행할까,"올 겨울 유행할 슬랙스는 가죽 팬츠, 테일러드 팬츠, 루스 핏 데님, 벨벳 팬츠, 메탈릭 팬츠, 스팽글 팬츠 등 다양합니다. 특히 가죽 팬츠는 여러 색상으로 스타일링할 수 있어 인기를 끌고 있습니다. 키작녀와 하비 체형을 고려한 핏이 강조된 팬츠들이 추천되며, 더티스와 피비파일로 브랜드의 독특한 디자인도 주목받고 있습니다. 이러한 팬츠는 겨울 패션에 포인트를 줄 수 있는 아이템입니다."
검단신도시에서 건대입구까지 가는길 중에 가장 안막히는 시간대를 알려줘.,"검단신도시에서 건대입구까지 가는 길은 주로 경인고속도로와 올림픽대로를 이용합니다. 일반적으로 출근 시간대인 오전 7시에서 9시, 퇴근 시간대인 오후 5시에서 7시는 교통이 혼잡합니다. 따라서, 가장 안 막히는 시간대는 평일 기준으로 오전 10시에서 11시, 오후 1시에서 4시 사이입니다. 주말에는 비교적 자유로운 편이지만, 오후에는 혼잡할 수 있으니 이 점도 고려하시기 바랍니다."
한국 2-30대 결혼률 궁금해,"2022년 한국의 20대 후반에서 혼인 건수가 크게 감소했습니다. 평균 초혼 연령은 남성 33.7세, 여성 31.3세로, 30대 초반(30~34세)에서 혼인율이 가장 높습니다. 또한, 30대 초반 남녀의 미혼 비율은 56.3%, 19~34세 전체 청년층의 미혼 비율은 81.5%로 처음으로 80%를 초과했습니다. 30대 후반과 40대 초반에서도 미혼 비율이 각각 30.7%와 21%로 증가하고 있어, 결혼률이 낮아지는 추세입니다."
빈지노 콘서트 언제야 티켓은 얼마고 예매는 어떻게 해야해,"빈지노 콘서트는 2024년 9월 21일과 22일에 개최됩니다. 티켓 가격은 132,000원입니다. 예매는 2024년 8월 19일 오후 2시부터 인터파크 티켓 사이트에서 가능합니다. 예약을 원하시면 해당 시간에 맞춰 사이트를 방문하시기 바랍니다."
17개월 아이랑 놀러 갈만한 곳 추천해줘,"17개월 아이와 함께 가기 좋은 장소로는 다음과 같은 곳들이 있습니다:

1. **어린이 박물관**: 다양한 전시와 체험 공간이 있어 아이의 호기심을 자극할 수 있습니다.
2. **동물원**: 동물을 가까이에서 보고 배울 수 있어 아이에게 좋은 경험이 됩니다.
3. **공원**: 넓은 공간에서 뛰어놀 수 있고, 놀이터 시설이 있는 곳이 좋습니다.
4. **실내 놀이터**: 날씨에 상관없이 안전하게 놀 수 있는 공간입니다.
5. **도서관**: 아기 전용 코너가 있는 도서관에서 책을 읽어주는 것도 좋은 활동입니다.

이런 곳들은 아이와 함께 즐거운 시간을 보낼 수 있는 장소입니다."
피자 칼로리,"피자의 칼로리는 종류와 토핑에 따라 다르지만, 일반적으로 슬라이스 한 조각당 약 200~400 칼로리입니다. 예를 들어, 페퍼로니 피자는 보통 슬라이스당 약 300 칼로리, 치즈 피자는 약 250 칼로리 정도입니다. 또한, 크러스트의 두께, 추가된 재료(예: 치즈, 고기, 채소)와 소스에 따라 칼로리가 크게 변동할 수 있습니다. 건강을 고려한다면, 얇은 크러스트를 선택하고 채소 토핑을 추가하는 것이 좋습니다."
부산에도 설악산이있어?,"부산에는 설악산이 없습니다. 설악산은 강원도에 위치한 유명한 산으로, 아름다운 경관과 다양한 등산로로 잘 알려져 있습니다. 부산은 해운대, 광안리와 같은 해변과 태종대, 금정산 등 다른 산들이 유명합니다. 부산에서 설악산까지는 차로 약 2~3시간 거리가 있으며, 설악산을 방문하고 싶다면 강원도로 여행을 계획하는 것이 좋습니다."
부산 시원한등산코스 추천,"부산에서 시원하게 등산할 수 있는 코스로는 여러 가지가 있습니다. 우선, 금정산은 시원한 나무 그늘과 전망이 좋은 코스입니다. 특히, 정상에서 보는 경치는 일품입니다. 또 다른 추천 코스는 장산으로, 해안가의 시원한 바람과 함께 자연을 만끽할 수 있습니다. 마지막으로, 해운대 근처의 달맞이길도 경치가 아름답고 시원한 바람을 느낄 수 있는 좋은 선택입니다. 각 코스는 난이도가 다양하니 개인의 체력에 맞춰 선택하세요."
뉴진스 인기 노래,"뉴진스는 최근 많은 인기를 끌고 있는 K-pop 그룹으로, 여러 히트곡을 보유하고 있습니다. 그들의 대표적인 노래로는 ""Attention"", ""Hype Boy"", ""Cookie"", ""Ditto"", 그리고 ""OMG"" 등이 있습니다. 특히 ""Attention""은 감각적인 멜로디와 중독성 있는 후렴구로 많은 사랑을 받았으며, 그룹의 독특한 스타일과 매력을 잘 보여줍니다. 이들은 다양한 음악적 시도와 비주얼로 팬들에게 신선한 경험을 제공하고 있습니다. 뉴진스의 음악은 세대와 국경을 초월해 많은 이들에게 감동을 주고 있습니다."
회기물 웹툰은 첫 문단을 써줘,"회기물 웹툰은 주인공이 과거로 돌아가 자신의 삶이나 사건을 되돌리는 이야기를 중심으로 전개됩니다. 이러한 장르는 주인공이 과거의 실수를 수정하고, 인연을 다시 맺으며, 새로운 선택을 통해 성장하는 과정을 그립니다. 독자들은 주인공과 함께 시간 여행을 하며, 그가 겪는 감정의 변화와 갈등을 통해 감동과 교훈을 느낄 수 있습니다. 회기물 웹툰은 판타지, 로맨스, 드라마 등 다양한 장르와 결합되어 흥미로운 스토리를 만들어냅니다."
종아리 둘레 줄이기,"종아리 둘레를 줄이는 방법은 여러 가지가 있습니다. 첫째, 유산소 운동을 통해 체지방을 감소시키는 것이 중요합니다. 걷기, 조깅, 자전거 타기 등의 운동이 효과적입니다. 둘째, 근력 운동으로 종아리 근육을 강화하고, 스트레칭으로 유연성을 높이는 것이 좋습니다. 셋째, 건강한 식습관을 유지하고, 나트륨 섭취를 줄여 부종을 예방하세요. 마지막으로, 충분한 수분 섭취가 중요하며, 앉거나 서 있는 자세를 자주 바꿔주면 혈액순환에 도움이 됩니다. 꾸준한 노력이 필요합니다."
애기 태열 어떻게 없애지,"애기 태열을 없애기 위해서는 몇 가지 방법이 있습니다. 우선, 태열이 생긴 부위를 깨끗하게 유지하고, 자주 목욕시켜 주는 것이 중요합니다. 목욕 시에는 순한 아기 전용 세제를 사용하고, 뜨거운 물은 피하세요. 그리고 태열 부위를 부드럽게 닦아주고 충분히 건조시켜 주세요. 또한, 수분 공급이 필요하니 아기용 로션이나 크림을 사용해 보세요. 만약 증상이 계속되거나 악화된다면, 소아과 전문의와 상담하는 것이 좋습니다."
김포 복어집,"김포에 위치한 복어집 '복터진집'은 석모리에 있으며, 매일 오전 11시부터 오후 10시까지 운영됩니다. 이곳은 다양한 복어요리를 제공하며, 가족 외식이나 단체 모임에 적합한 넓은 공간과 놀이방이 구비되어 있습니다. 주소는 경기 김포시 양촌읍 김포한강 4로 279-6입니다. 복어 요리를 즐기고 싶다면 방문해 보세요."
부산 갈만한 곳 추천,"부산은 다양한 매력을 가진 도시입니다. 첫 번째로 해운대 해수욕장을 추천합니다. 아름다운 해변과 주변의 맛집들이 많아 여름에 인기가 높습니다. 다음으로 광안리 해수욕장도 빼놓을 수 없죠. 특히 밤에 광안대교의 야경이 인상적입니다. 또한, 감천문화마을은 색색의 집들이 아름답고, 예술적인 분위기를 느낄 수 있는 곳입니다. 마지막으로 자갈치 시장에서 신선한 해산물을 맛보는 것도 좋은 경험이 될 것입니다. 부산에서 즐거운 시간 보내세요!"
양주맛집,"양주에서 추천하는 맛집으로는 다음과 같은 곳들이 있습니다. **평양면옥**은 냉면과 갈비탕으로 유명하며, **용암리막국수**에서는 막국수와 만두를 맛볼 수 있습니다. **덕화원**은 중식을 제공하며, **만포면옥**도 냉면이 인기입니다. 또한, **진흥관**에서 중식을 즐길 수 있습니다. 이 외에도 다양한 한식과 디저트 카페가 있어 선택의 폭이 넓습니다. 양주에서 맛있는 음식을 찾고 있다면 이러한 맛집들을 방문해 보세요!"
애플 주가,"현재 애플(AAPL)의 주가는 $222.77로, 6.23 포인트 하락하여 2.72% 감소했습니다. 개장 전 거래에서는 $221.19로 0.71% 하락했습니다. 오늘의 최고가는 $229.00, 최저가는 $221.84로 기록되었으며, 개장가는 $228.53입니다. 52주 변동폭은 $164.08에서 $237.23 사이입니다. 현재 애플의 시가 총액은 약 3.39조 달러이며, 배당금은 $1.00로, 수익률은 0.44%입니다."
네이버 주가 얼마야,"현재 네이버(NAVER)의 주가는 157,500원입니다. 이는 전일 종가 165,300원에서 7,800원 하락한 것으로, 등락률은 -4.72%입니다. 오늘의 시가는 160,300원, 고가는 162,600원, 저가는 156,700원이며, 거래량은 1,208,780주, 거래대금은 192,330백만 원입니다. 시가총액은 25조 3,236억 원입니다."
강릉 추어탕 맛집,"강릉에서 추천하는 추어탕 맛집은 '송죽원추어탕'입니다. 경포대 입구에 위치해 있으며, 가격은 8,000원으로 가성비가 뛰어납니다. 다양한 종류의 추어탕을 제공하며, 셀프코너에서 반찬을 자유롭게 즐길 수 있습니다. 영업시간은 오전 10시부터 오후 9시 40분까지입니다. 맛있는 추어탕을 원하신다면 방문해 보세요!"
광진구 요아정 지점 알려줘,"광진구 요아정 지점은 두 곳이 있습니다. 첫 번째는 '군자점'으로, 주소는 서울 광진구 능동로 278-1 1층 101호입니다. 두 번째는 서울 광진구 자양로 282 지하 1층에 위치하며, 영업시간은 매일 14:00부터 01:00까지입니다. 이곳은 요거트 아이스크림과 다양한 토핑을 제공합니다. 또한, 서울 광진구 능동로 13길 84 1층에 위치한 또 다른 지점은 매일 12:00부터 01:00까지 운영되며, 포장 및 배달 서비스도 가능합니다. 전화번호는 0507-1400-8490입니다."
원달러 환율,"현재 원달러 환율은 1 KRW = 0.00075 USD입니다. 2024년의 최고 환율은 0.0007725 USD로 1월 1일에 기록되었고, 최저 환율은 0.0007185 USD로 6월 26일에 나타났습니다. 평균 환율은 0.0007389 USD입니다. 2024년 각 월의 변동폭은 다르며, 예를 들어 1월의 평균 환율은 1,324.88 KRW, 6월에는 1,379.84 KRW에 달합니다. 전반적으로 원달러 환율은 최근에 소폭 하락세를 보였습니다."
KBO 일정 알려줘,"KBO 일정은 Tving 웹사이트에서 확인할 수 있습니다. 시범경기, 정규시즌, 포스트시즌 일정이 포함되어 있으며, 각 경기의 날짜, 시간, 팀 정보 및 결과를 제공합니다. 자세한 일정은 [여기](https://www.tving.com/kbo/home/schedule)에서 확인하시거나 KBO 공식 웹사이트를 방문해 보세요."
고양이의 털의 갯수는?,"고양이의 털 갯수는 개별 고양이에 따라 다르지만, 일반적으로 한 마리의 고양이는 약 5만 개에서 10만 개의 털을 가지고 있습니다. 털의 수는 고양이의 품종, 나이, 건강 상태에 따라 달라질 수 있으며, 계절에 따라 털갈이가 일어나 털의 수가 변동할 수 있습니다. 고양이는 털을 통해 체온 조절과 외부 환경으로부터 신체를 보호하는 역할을 합니다."
니어프로토콜 상승은 언제,"니어프로토콜(Near Protocol)의 상승 시점에 대한 정확한 예측은 어렵습니다. 암호화폐 시장은 여러 요인에 따라 변동성이 크기 때문입니다. 최근의 기술 개발, 파트너십, 그리고 시장의 전반적인 트렌드가 가격에 영향을 미칠 수 있습니다. 또한, 투자자들의 심리와 글로벌 경제 상황도 중요합니다. 이러한 요소들을 종합적으로 분석하여 상승 가능성을 평가해야 하며, 항상 최신 정보를 확인하고 신중하게 투자하는 것이 필요합니다."
